<?xml version="1.0" encoding="UTF-8" standalone="yes"?>
<addon id="repository.mediathekviewleia"
    name="MediathekView stable Leia Add-on repository"
    version="1.0"
    provider-name="MediathekView">
    <extension point="xbmc.addon.repository"
        name="MediathekView stable Matrix Add-on repository">
        <info compressed="false">https://kodirepo.mediathekview.de/repo-leia/addons.xml</info>
        <checksum>https://kodirepo.mediathekview.de/repo-leia/addons.xml.md5</checksum>
        <datadir zip="true">https://kodirepo.mediathekview.de/repo-leia/</datadir>
    </extension>
    <extension point="xbmc.addon.metadata">
        <platform>all</platform>
        <summary lang="de_DE">MediathekView stable Leia Add-on repository</summary>
        <summary lang="en_GB">MediathekView stable Leia Add-on repository</summary>
        <description  lang="de_DE">Das stable Matrix Add-on enthält die aktuelle stabilie Kodi Leia version des offizielle Mediathekview Kodi Add-on. Diese Version kann für Kodi 17 und Kodi 18 verwendet werden.</description>
        <description  lang="en_GB">The stable Matrrix Add-on repository contains the actual stable Kodi Leia version of the official Kodi Add-on. This version is for use with Kodi 17 and Kodi 18.</description>
        <website>https://mediathekview.de/</website>
        <email>info@mediathekview.de</email>
    </extension>
</addon>