<?xml version="1.0" encoding="UTF-8" standalone="yes"?>
<addon id="repository.mediathekviewalfa"
	name="MediathekView Alpha Add-on repository"
	version="1.0"
	provider-name="MediathekView">
	<extension point="xbmc.addon.repository"
		name="MediathekView Alpha Add-on repository">
		<info compressed="false">https://kodirepo.mediathekview.de/repo-alfa/addons.xml</info>
		<checksum>https://kodirepo.mediathekview.de/repo-alfa/addons.xml.md5</checksum>
		<datadir zip="true">https://kodirepo.mediathekview.de/repo-alfa/</datadir>
	</extension>
	<extension point="xbmc.addon.metadata">
		<platform>all</platform>
		<summary lang="de_DE">MediathekView Alpha Addon Repository</summary>
		<summary lang="en_GB">MediathekView Alpha Addon Repository</summary>
		<description  lang="de_DE">Das Alpha-Repository enthält sehr neue Test-Versionen die möglicherweise Problematisch sein könnten. Dieses Repository sollte nur von Experten genutzt werden, da die dort angebotene Software schwere Fehler enthalten kann.</description>
		<description  lang="en_GB">The alpha repository contains very new test versions that may be potentially troublesome. This repository is for experts only, as the software offered there may have severe bugs.</description>
		<website>https://mediathekview.de/</website>
		<email>info@mediathekview.de</email>
	</extension>
</addon>
