<?xml version="1.0" encoding="UTF-8" standalone="yes"?>
<addon id="repository.mediathekviewpreview"
	name="MediathekView Preview Add-on Repository"
	version="1.0.0"
	provider-name="MediathekView">
	<extension point="xbmc.addon.repository" name="MediathekView Preview Add-on Repository">
		<dir>
			<info>https://kodirepo.mediathekview.de/repo-mvp/addons.xml</info>
			<checksum>https://kodirepo.mediathekview.de/repo-mvp/addons.xml.md5</checksum>
			<datadir>https://kodirepo.mediathekview.de/repo-mvp/</datadir>
			<hashes>false</hashes>
		</dir>
		<dir maxversion="18.9.0">
			<info>https://kodirepo.mediathekview.de/repo-alfa/addons.xml</info>
			<checksum>https://kodirepo.mediathekview.de/repo-alfa/addons.xml.md5</checksum>
			<datadir>https://kodirepo.mediathekview.de/repo-alfa/</datadir>
			<hashes>false</hashes>
		</dir>
		<dir minversion="19.0.0">
			<info>https://kodirepo.mediathekview.de/repo-beta/addons.xml</info>
			<checksum>https://kodirepo.mediathekview.de/repo-beta/addons.xml.md5</checksum>
			<datadir>https://kodirepo.mediathekview.de/repo-beta/</datadir>
			<hashes>false</hashes>
		</dir>
	</extension>
	<extension point="xbmc.addon.metadata">
		<platform>all</platform>
		<summary lang="de_DE">MediathekView Preview Add-on Repository</summary>
		<summary lang="en_GB">MediathekView Preview Add-on Repository</summary>
		<description  lang="de_DE">Das Preview Repository enthält die aktuelle Version des offiziellen MediathekView Kodi Add-ons.</description>
		<description  lang="en_GB">The Preview repository contains the current version of the official MediathekView Kodi add-on.</description>
		<website>https://mediathekview.de/</website>
		<email>info@mediathekview.de</email>
		<source>https://github.com/mediathekview/plugin.video.mediathekview</source>
		<assets>
			<icon>icon.png</icon>
		</assets>
	</extension>
</addon>
