<?xml version="1.0" encoding="UTF-8" standalone="yes"?>
<addon id="plugin.video.mediathekview"
	name="MediathekView"
	version="0.6.2"
	provider-name="MediathekView.de, Leo Moll">
	<requires>
		<import addon="xbmc.python" version="3.0.0"/>
		<import addon="script.module.myconnpy" version="1.1.7"/>
	</requires>
	<extension
		point="xbmc.python.pluginsource"
		library="addon.py">
		<provides>video</provides>
	</extension>
	<extension
		point="xbmc.service"
		library="service.py"
		start="startup" />
	<extension point="xbmc.addon.metadata">
		<summary lang="de_DE">Öffentlich-Rechtliche Mediatheken</summary>
		<summary lang="en_GB">Public service video-platforms</summary>
		<summary lang="it_IT">Piattaforme video dalle emittenti pubbliche</summary>
		<description lang="de_DE">Ermöglicht den Zugriff auf fast alle deutschen Mediatheken der öffentlich Rechtlichen basierend auf der Datenbank von MediathekView.de</description>
		<description lang="en_GB">Gives access to most video-platforms from German public service broadcasters using the database of MediathekView.de</description>
		<description lang="it_IT">Fornisce l'accesso a gran parte delle piattaforme video operate dalle emittenti pubbliche tedesche usando la banca dati di MediathekView.de</description>
		<news>v.0.6.2 (2019-03-10):
- Bugfix: Entpacken von GZ-Archiven auf FireTV 4K und ähnliche Geräte funktioniert nun wieder
- Bugfix: mvupdate funktioniert nun wieder
- Compliance: Code Kompatibilität für zukünftige Kodi Versionen mit Python 3
v.0.6.1 (2019-03-08):
- Bugfix: Fixed module exception due to case error
v0.6.0 (2019-03-01):
- Feature: Cache der Anfragen für lokale Datenbanken
- Feature: Natives ultraschnelles Update für SQLite
- Bugfix: Live Streams konnten heruntergeladen werden
- Bugfix: Auf Kodi 18 hat der automatische Aktualisierungsmodus nicht mehr funktioniert
- Feature: Neue option --full um ein vollstndiges Update zu erzwingen
- Feature: Neue Aktualisierungsmethode "Zeitgesteuert"
- Bugfix: Es war nicht möglich, den Aktualisierungsintervall bei der Methode "Automatisch" einzustellen
- Feature: Passende Symbole für alle Menü-Einträge
</news>
		<platform>all</platform>
		<language>de fr</language>
		<license>MIT License</license>
		<forum>https://forum.kodi.tv/showthread.php?tid=326799</forum>
		<source>https://github.com/mediathekview/plugin.video.mediathekview</source>
		<website>https://mediathekview.de/</website>
		<email>info@mediathekview.de</email>
		<assets>
			<icon>resources/icon.png</icon>
			<fanart>resources/fanart.jpg</fanart>
			<screenshot>resources/screenshot1.png</screenshot>
			<screenshot>resources/screenshot2.png</screenshot>
			<screenshot>resources/screenshot3.png</screenshot>
			<screenshot>resources/screenshot4.png</screenshot>
			<screenshot>resources/screenshot5.png</screenshot>
		</assets>
	</extension>
</addon>
