<?xml version="1.0" encoding="UTF-8" standalone="yes"?>
<addon id="repository.mediathekviewmatrix"
    name="MediathekView stable Matrix Add-on repository"
    version="1.0"
    provider-name="MediathekView">
    <extension point="xbmc.addon.repository"
        name="MediathekView stable Matrix Add-on repository">
        <info compressed="false">https://kodirepo.mediathekview.de/repo-matrix/addons.xml</info>
        <checksum>https://kodirepo.mediathekview.de/repo-matrix/addons.xml.md5</checksum>
        <datadir zip="true">https://kodirepo.mediathekview.de/repo-matrix/</datadir>
    </extension>
    <extension point="xbmc.addon.metadata">
        <platform>all</platform>
        <summary lang="de_DE">MediathekView stable Matrix Add-on repository</summary>
        <summary lang="en_GB">MediathekView stable Matrix Add-on repository</summary>
        <description  lang="de_DE">Das stable Matrix Add-on enthält die aktuelle stabilie Kodi Matrix version des offizielle Mediathekview Kodi Add-on.</description>
        <description  lang="en_GB">The stable Matrrix Add-on repository contains the actual stable Kodi Matrix version of the official Kodi Add-on.</description>
        <website>https://mediathekview.de/</website>
        <email>info@mediathekview.de</email>
    </extension>
</addon>